{"cameraMode":{"drawMode":0,"name":"Shaded","section":"Shading Mode"},"sceneLighting":false,"audioPlay":false,"sceneViewState":{"showFog":false,"showMaterialUpdate":false,"showSkybox":false,"showFlares":false,"showImageEffects":false,"showParticleSystems":false},"in2DMode":false,"pivot":{"x":16.309999465942384,"y":1.5099999904632569,"z":-3.430000066757202},"rotation":{"x":0.04924584925174713,"y":0.7990700602531433,"z":-0.06607326865196228,"w":0.5955645442008972},"size":22.0,"orthographic":false}