{"cameraMode":{"drawMode":0,"name":"Shaded","section":"Shading Mode"},"sceneLighting":false,"audioPlay":false,"sceneViewState":{"showFog":false,"showMaterialUpdate":false,"showSkybox":false,"showFlares":false,"showImageEffects":false,"showParticleSystems":false},"in2DMode":false,"pivot":{"x":0.06850814819335938,"y":3.74611759185791,"z":0.5657017230987549},"rotation":{"x":0.2423681616783142,"y":0.2858354449272156,"z":-0.07497298717498779,"w":0.9240939021110535},"size":17.35325050354004,"orthographic":false}